,id,type,created_at,actor_id,repo_id
0,27783644894,ForkEvent,2023-03-17 00:00:00+00:00,17995064,428766351
1,27783644779,CreateEvent,2023-03-17 00:00:00+00:00,127647168,615093098
2,27783644786,PushEvent,2023-03-17 00:00:00+00:00,29139614,440626732
3,27783644790,PullRequestEvent,2023-03-17 00:00:00+00:00,39814207,495229751
4,27783644803,PullRequestEvent,2023-03-17 00:00:00+00:00,29139614,591435512
5,27783644807,PushEvent,2023-03-17 00:00:00+00:00,122577200,615084518
6,27783644810,IssueCommentEvent,2023-03-17 00:00:00+00:00,19270322,7833168
7,27783644818,PushEvent,2023-03-17 00:00:00+00:00,125618574,615081797
8,27783644834,PushEvent,2023-03-17 00:00:00+00:00,54393192,481770341
9,27783644837,PushEvent,2023-03-17 00:00:00+00:00,31858072,103155160
10,27783644858,ForkEvent,2023-03-17 00:00:00+00:00,97997001,489411411
11,27783644869,PushEvent,2023-03-17 00:00:00+00:00,33807817,585388193